{"cameraMode":{"drawMode":0,"name":"Shaded","section":"Shading Mode"},"sceneLighting":false,"audioPlay":false,"sceneViewState":{"m_AlwaysRefresh":false,"showFog":true,"showSkybox":false,"showFlares":true,"showImageEffects":true,"showParticleSystems":true,"showVisualEffectGraphs":true,"m_FxEnabled":true},"in2DMode":false,"pivot":{"x":0.0765838623046875,"y":0.0676569938659668,"z":-0.03483080863952637},"rotation":{"x":0.33128076791763308,"y":0.6419550180435181,"z":-0.36035266518592837,"w":0.5901795029640198},"size":3.6596336364746095,"orthographic":true}