{"cameraMode":{"drawMode":0,"name":"Shaded","section":"Shading Mode"},"sceneLighting":true,"audioPlay":false,"sceneViewState":{"m_AlwaysRefresh":false,"showFog":true,"showSkybox":true,"showFlares":true,"showImageEffects":true,"showParticleSystems":true,"showVisualEffectGraphs":true,"m_FxEnabled":true},"in2DMode":false,"pivot":{"x":17.46744155883789,"y":10.4183988571167,"z":-8.246891021728516},"rotation":{"x":0.0037990128621459009,"y":0.9908490777015686,"z":-0.13186931610107423,"w":0.028545165434479715},"size":16.958812713623048,"orthographic":false}