{"cameraMode":{"drawMode":0,"name":"Shaded","section":"Shading Mode"},"sceneLighting":false,"audioPlay":false,"sceneViewState":{"m_AlwaysRefresh":false,"showFog":true,"showSkybox":false,"showFlares":true,"showImageEffects":true,"showParticleSystems":true,"showVisualEffectGraphs":true,"m_FxEnabled":true},"in2DMode":false,"pivot":{"x":0.03374999761581421,"y":-0.043199777603149417,"z":-0.04770028591156006},"rotation":{"x":0.1278102993965149,"y":0.533381998538971,"z":-0.08191907405853272,"w":0.8321478366851807},"size":0.47008317708969118,"orthographic":true}