{"cameraMode":{"drawMode":0,"name":"Shaded","section":"Shading Mode"},"sceneLighting":false,"audioPlay":false,"sceneViewState":{"m_AlwaysRefresh":false,"showFog":true,"showSkybox":false,"showFlares":true,"showImageEffects":true,"showParticleSystems":true,"showVisualEffectGraphs":true,"m_FxEnabled":true},"in2DMode":false,"pivot":{"x":0.16099655628204347,"y":2.110438346862793,"z":0.021598637104034425},"rotation":{"x":-0.036037053912878039,"y":0.12053913623094559,"z":-0.004378153942525387,"w":-0.9920499920845032},"size":3.330385208129883,"orthographic":false}