{"cameraMode":{"drawMode":0,"name":"Shaded","section":"Shading Mode"},"sceneLighting":false,"audioPlay":false,"sceneViewState":{"m_AlwaysRefresh":false,"showFog":true,"showSkybox":false,"showFlares":true,"showImageEffects":true,"showParticleSystems":true,"showVisualEffectGraphs":true,"m_FxEnabled":true},"in2DMode":false,"pivot":{"x":-0.1537925750017166,"y":0.10051967203617096,"z":-0.18454091250896455},"rotation":{"x":0.11762342602014542,"y":-0.45638951659202578,"z":0.06101793795824051,"w":0.8798675537109375},"size":0.9311598539352417,"orthographic":true}