{"cameraMode":{"drawMode":0,"name":"Shaded","section":"Shading Mode"},"sceneLighting":true,"audioPlay":false,"sceneViewState":{"m_AlwaysRefresh":false,"showFog":true,"showSkybox":true,"showFlares":true,"showImageEffects":true,"showParticleSystems":true,"showVisualEffectGraphs":true,"m_FxEnabled":true},"in2DMode":false,"pivot":{"x":1.7187323570251465,"y":1.444736123085022,"z":22.965129852294923},"rotation":{"x":0.06442537903785706,"y":-0.030533675104379655,"z":0.0019719486590474846,"w":0.9974568486213684},"size":8.631949424743653,"orthographic":false}