{"cameraMode":{"drawMode":0,"name":"Shaded","section":"Shading Mode"},"sceneLighting":true,"audioPlay":false,"sceneViewState":{"m_AlwaysRefresh":false,"showFog":true,"showSkybox":true,"showFlares":true,"showImageEffects":true,"showParticleSystems":true,"showVisualEffectGraphs":true,"m_FxEnabled":true},"in2DMode":false,"pivot":{"x":7.306075572967529,"y":-0.44792136549949648,"z":113.39323425292969},"rotation":{"x":-0.09279929846525192,"y":-0.03791893273591995,"z":0.003537207143381238,"w":-0.9949626922607422},"size":87.16987609863281,"orthographic":false}