{"cameraMode":{"drawMode":0,"name":"Shaded","section":"Shading Mode"},"sceneLighting":true,"audioPlay":false,"sceneViewState":{"m_AlwaysRefresh":false,"showFog":true,"showSkybox":true,"showFlares":true,"showImageEffects":true,"showParticleSystems":true,"showVisualEffectGraphs":true,"m_FxEnabled":true},"in2DMode":false,"pivot":{"x":14.088516235351563,"y":19.34744644165039,"z":5.690280914306641},"rotation":{"x":0.0021226839162409307,"y":0.9932273030281067,"z":-0.11472726613283158,"w":0.01837683841586113},"size":44.91006088256836,"orthographic":true}