{"cameraMode":{"drawMode":0,"name":"Shaded","section":"Shading Mode"},"sceneLighting":false,"audioPlay":false,"sceneViewState":{"m_AlwaysRefresh":false,"showFog":true,"showSkybox":false,"showFlares":true,"showImageEffects":true,"showParticleSystems":true,"showVisualEffectGraphs":true,"m_FxEnabled":true},"in2DMode":false,"pivot":{"x":-0.002250753343105316,"y":0.5592105984687805,"z":0.021808572113513948},"rotation":{"x":0.18491341173648835,"y":-0.013266629539430142,"z":0.0024955382104963066,"w":0.9826668500900269},"size":0.5707025527954102,"orthographic":true}