{"cameraMode":{"drawMode":0,"name":"Shaded","section":"Shading Mode"},"sceneLighting":false,"audioPlay":false,"sceneViewState":{"m_AlwaysRefresh":false,"showFog":true,"showSkybox":true,"showFlares":true,"showImageEffects":true,"showParticleSystems":true,"showVisualEffectGraphs":true,"m_FxEnabled":true},"in2DMode":false,"pivot":{"x":404.56005859375,"y":172.52035522460938,"z":-51.832489013671878},"rotation":{"x":0.05124820023775101,"y":-0.038943346589803699,"z":0.0020002468954771759,"w":0.9979243278503418},"size":359.079345703125,"orthographic":false}